name,mean,median,sd,max,min
flow14,1025774.7689393939,417279.5,1255550.5550254695,4358088.5,11818
flow14_3,3554614.9318181816,3086002.2083333335,2577969.696900207,9276077.666666666,406174.75
pdsi,-0.7497272727272727,-0.538,2.0420906463211193,3.412,-3.5
t,2009.5,2009.5,6.493586579592718,2020,1999
