name,mean,median,sd,max,min
agr,1.005534652438079,1.008392536497775,0.25334644068263934,1.5231848561584125,0.5782550864574609
burrows_orig,14925.083333333334,15607.5,3418.3372727314268,20299,7836
drought,-1.01752,-0.622,2.1952329625805094,3.412,-5.14
flow14t,1.68210168,0.8929065,1.8897101826196268,6.565967666666667,0
flowt,4.06960646,3.3666625,1.7621743413273505,8.3785515,1.9031476666666667
